<?xml version="1.0" encoding="UTF-8"?>
<project-private xmlns="http://www.netbeans.org/ns/project-private/1">
    <editor-bookmarks xmlns="http://www.netbeans.org/ns/editor-bookmarks/2" lastBookmarkId="0"/>
    <open-files xmlns="http://www.netbeans.org/ns/projectui-open-files/2">
        <group>
            <file>file:/E:/USP/4º%20Semestre/POO/Projeto/PacMan_Alunos/PacMan_Alunos/projeto/src/utils/Position.java</file>
            <file>file:/E:/USP/4º%20Semestre/POO/Projeto/PacMan_Alunos/PacMan_Alunos/projeto/src/utils/Consts.java</file>
            <file>file:/E:/USP/4º%20Semestre/POO/Projeto/PacMan_Alunos/PacMan_Alunos/projeto/src/control/Stage.java</file>
        </group>
    </open-files>
</project-private>
