<?xml version="1.0" encoding="UTF-8"?>
<project-private xmlns="http://www.netbeans.org/ns/project-private/1">
    <editor-bookmarks xmlns="http://www.netbeans.org/ns/editor-bookmarks/2" lastBookmarkId="0"/>
    <open-files xmlns="http://www.netbeans.org/ns/projectui-open-files/2">
        <group>
            <file>file:/C:/Users/Felipe/Desktop/Trabalho-POO-12_12/projeto/src/control/Stage.java</file>
            <file>file:/C:/Users/Felipe/Desktop/Trabalho-POO-12_12/projeto/src/control/GameController.java</file>
            <file>file:/C:/Users/Felipe/Desktop/Trabalho-POO-12_12/projeto/src/elements/Pacman.java</file>
            <file>file:/C:/Users/Felipe/Desktop/Trabalho-POO-12_12/projeto/src/elements/Element.java</file>
        </group>
    </open-files>
</project-private>
