<?xml version="1.0" encoding="UTF-8"?>
<project-private xmlns="http://www.netbeans.org/ns/project-private/1">
    <editor-bookmarks xmlns="http://www.netbeans.org/ns/editor-bookmarks/2" lastBookmarkId="0"/>
    <open-files xmlns="http://www.netbeans.org/ns/projectui-open-files/2">
        <group>
            <file>file:/D:/João%20Vitor/Desktop/Trabalho-POO-13_12/projeto/src/control/TelaRecordes.java</file>
            <file>file:/D:/João%20Vitor/Desktop/Trabalho-POO-13_12/projeto/src/control/TelaCreditos.java</file>
            <file>file:/D:/João%20Vitor/Desktop/Trabalho-POO-13_12/projeto/src/control/GameController.java</file>
            <file>file:/D:/João%20Vitor/Desktop/Trabalho-POO-13_12/projeto/src/elements/CabecalhoSalvamento.java</file>
            <file>file:/D:/João%20Vitor/Desktop/Trabalho-POO-13_12/projeto/src/control/Main.java</file>
            <file>file:/D:/João%20Vitor/Desktop/Trabalho-POO-13_12/projeto/src/utils/Consts.java</file>
            <file>file:/D:/João%20Vitor/Desktop/Trabalho-POO-13_12/projeto/src/elements/Pacman.java</file>
            <file>file:/D:/João%20Vitor/Desktop/Trabalho-POO-13_12/projeto/src/control/Stage.java</file>
            <file>file:/D:/João%20Vitor/Desktop/Trabalho-POO-13_12/projeto/src/control/TelaInicial.java</file>
            <file>file:/D:/João%20Vitor/Desktop/Trabalho-POO-13_12/projeto/src/control/TelaRegistrarRecord.java</file>
        </group>
    </open-files>
</project-private>
